azimuth,azimuth_stdev,elevation,elevation_stdev,distance,distance_stdev,sequence,sample_index
-83.3630142211914,2.2683465480804443,28.692346572875977,7.1545186042785645,11.292084693908691,0,4823,0
-82.5445327758789,2.5259578227996826,27.5921459197998,7.121196269989014,11.195854187011719,0,4824,1
-81.7834701538086,2.7748382091522217,27.627836227416992,6.764965057373047,11.336907386779785,0,4825,2
-81.69313049316406,2.781127691268921,25.98318099975586,5.995325565338135,11.249330520629883,0,4826,3
-78.6551971435547,3.147359848022461,24.15069580078125,5.16850233078003,11.220540046691895,0,4827,4
-76.9707717895508,3.767730474472046,23.02621841430664,4.497136116027832,11.207592964172363,0,4828,5
-75.72794342041016,4.3024468421936035,22.251708984375,3.9679410457611084,11.17446517944336,0,4829,6
-72.382568359375,5.262378692626953,23.369359970092773,3.211616039276123,11.205031394958496,0,4830,7
-70.14744567871094,6.2418341636657715,24.41667938232422,3.0790812969207764,11.1878719329834,0,4831,8
-69.0302734375,6.850043773651123,26.2635669708252,3.0714213848114014,11.011934280395508,0,4832,9
-69.95660400390625,6.813673973083496,26.981792449951172,2.744271755218506,10.986916542053223,0,4833,10
-70.2098922729492,6.429789066314697,26.88355255126953,2.624630928039551,10.956350326538086,0,4834,11
-70.4415054321289,5.72474765777588,28.18859100341797,2.7496414184570312,10.913063049316406,0,4835,12
-68.5470504760742,4.660401344299316,31.391887664794922,3.893541097640991,10.840391159057617,0,4836,13
-66.33467864990234,4.191298007965088,35.90961456298828,5.842138767242432,10.878894805908203,0,4837,14
-64.5712890625,3.955004930496216,39.2616195678711,7.637153148651123,10.8137149810791,0,4838,15
-64.1946563720703,3.492117404937744,42.85993576049805,9.23164939880371,10.764975547790527,0,4840,16
-63.7384262084961,3.5331220626831055,45.397796630859375,10.540032386779785,10.706353187561035,0,4841,17
-62.852142333984375,3.847276449203491,47.883060455322266,11.554932594299316,10.67829704284668,0,4842,18
-63.2918930053711,3.994422197341919,46.95018005371094,11.734697341918945,10.634050369262695,0,4843,19
-63.59989929199219,3.7865023612976074,46.26817321777344,11.188043594360352,10.626193046569824,0,4844,20
-63.0313949584961,3.335153102874756,45.3863754272461,9.70609474182129,10.554849624633789,0,4845,21
-64.04290771484375,2.271554946899414,42.9500961303711,7.439748287200928,10.546516418457031,0,4846,22
-64.82958984375,1.3280465602874756,40.55442810058594,5.30156421661377,10.42574691772461,0,4847,23
-65.14488983154297,0.9937772154808044,38.5663719177246,4.580111980438232,10.41877555847168,0,4848,24
-66.33201599121094,1.3886654376983643,38.50367736816406,4.744041919708252,10.362014770507812,0,4849,25
-66.6134567260742,1.7289470434188843,37.16297149658203,5.516963481903076,10.228961944580078,0,4850,26
-66.94845581054688,1.997003436088562,36.7086181640625,5.995813369750977,10.091787338256836,0,4851,27
-63.4928207397461,1.903243899345398,35.55439376831055,5.8879008293151855,10.068191528320312,0,4852,28
-61.15728759765625,2.35188889503479,34.41615295410156,5.678401470184326,9.786025047302246,0,4853,29
-60.174522399902344,2.9448680877685547,34.058712005615234,5.11029052734375,9.63292980194092,0,4854,30
-58.647552490234375,3.7100589275360107,32.14412307739258,4.492557048797607,9.62637138366699,0,4855,31
-57.61415100097656,4.468303680419922,30.89651107788086,4.216235160827637,9.64730453491211,0,4856,32
-57.55625915527344,4.913217544555664,29.586130142211914,4.3473334312438965,9.341102600097656,0,4857,33
-57.81005859375,5.05687713623047,28.23524284362793,4.758538722991943,9.20696544647217,0,4858,34
-57.6000747680664,4.802913188934326,25.9754753112793,5.223295211791992,8.932204246520996,0,4859,35
-57.40802764892578,4.147191524505615,22.973539352416992,6.134928226470947,8.772838592529297,0,4860,36
-55.2381820678711,3.03049898147583,30.302574157714844,5.477229595184326,8.65895462036133,0,4861,37
-54.170494079589844,2.646455764770508,33.193119049072266,5.085036754608154,8.619250297546387,0,4862,38
-53.040191650390625,2.776412010192871,34.765655517578125,5.14961338043213,8.536693572998047,0,4863,39
-51.292510986328125,3.1913304328918457,33.6512336730957,5.086892127990723,8.55762767791748,0,4864,40
-49.843505859375,3.823768138885498,31.967941284179688,5.072772026062012,8.540252685546875,0,4865,41
-49.327117919921875,4.30708885192871,30.48025894165039,5.062975883483887,8.137611389160156,0,4866,42
-48.9588623046875,4.53943920135498,29.10207176208496,5.078271389007568,7.616232872009277,0,4867,43
-49.29307556152344,4.357993125915527,27.392663955688477,5.156500816345215,7.5988569259643555,0,4868,44
-49.53898620605469,3.8622732162475586,24.72627830505371,5.389260292053223,7.24042510986328,0,4869,45
-47.960479736328125,3.1908743381500244,25.956907272338867,4.683355331420898,7.31355857849121,0,4870,46
-47.57586669921875,2.746887683868408,27.424274444580078,4.8325605392456055,7.03902816772461,0,4871,47
-46.60343933105469,2.3811230659484863,27.28484344482422,4.653460502624512,7.09138584136963,0,4872,48
-45.236419677734375,2.2654550075531,29.12266731262207,3.806556463241577,6.874704360961914,0,4873,49
-43.57769775390625,2.6952497959136963,30.915359497070312,3.1817996501922607,6.700716495513916,0,4874,50
-42.619049072265625,3.239309310913086,32.5379524230957,3.3245468139648438,6.66472625732422,0,4875,51
-39.424652099609375,4.312736988067627,28.0249080657959,3.1814937591552734,6.51319932937622,0,4876,52
-37.7059326171875,5.268717288970947,25.767179489135742,3.324279308319092,6.808303356170654,0,4877,53
-37.31806945800781,5.6962432861328125,25.2845287322998,3.5192770957946777,6.732675075531006,0,4878,54
-35.1837158203125,6.0061259269714355,25.831811904907227,3.3474416732788086,6.732674598693848,0,4879,55
-32.563568115234375,6.593151092529297,26.541175842285156,3.2869997024536133,6.460969924926758,0,4880,56
-29.888259887695312,7.151740074157715,25.60089874267578,3.435177803039551,6.411431312561035,0,4881,57
-28.978973388671875,7.30659532546997,29.97593879699707,3.568213939666748,6.402087211608887,0,4882,58
-28.836700439453125,7.048188209533691,35.622642517089844,4.91557264328003,6.164681434631348,0,4883,59
-28.40386962890625,6.574462890625,39.82646560668945,6.955183029174805,6.04792594909668,0,4884,60
-28.0496826171875,5.7025408744812,42.5338249206543,8.98770332336426,5.9926300048828125,0,4885,61
-27.23406982421875,5.156650066375732,44.35549545288086,10.724510192871094,5.927475452423096,0,4886,62
-26.838699340820312,4.573636531829834,47.3093376159668,12.076931953430176,5.976548194885254,0,4887,63
-25.826065063476562,3.6246824264526367,47.717124938964844,12.505273818969727,6.022500038146973,0,4888,64
-24.08465576171875,2.9948647022247314,48.3452033996582,12.283076286315918,5.95785903930664,0,4889,65
-22.436447143554688,3.0348188877105713,47.946712493896484,11.26254653930664,5.96830701828003,0,4890,66
-20.167510986328125,3.8469932079315186,49.50752258300781,8.938475608825684,6.041775226593018,0,4891,67
-17.930892944335938,4.832831382751465,50.23862075805664,6.565671920776367,6.058935165405273,0,4892,68
-14.99505615234375,5.966360569000244,50.68951416015625,4.905672073364258,6.098329544067383,0,4893,69
-10.625320434570312,7.533719062805176,52.12361526489258,4.024840354919434,6.18798828125,0,4894,70
-8.31871032714844,8.73326873779297,51.425872802734375,3.2096986770629883,6.236727237701416,0,4895,71
-5.8563995361328125,9.701019287109375,50.6708984375,2.3445582389831543,6.263824462890625,0,4896,72
-4.9296417236328125,10.0049409866333,50.3147964477539,2.0705292224884033,6.346381664276123,0,4897,73
-3.419158935546875,9.91012191772461,49.964481353759766,1.776581883430481,6.277310371398926,0,4898,74
-0.4761505126953125,9.82651996612549,48.946929931640625,1.6631792783737183,6.271147727966309,0,4899,75
-1.0803070068359375,9.01668167114258,45.0829200744629,2.666320323944092,6.2781195640563965,0,4900,76
-2.598175048828125,7.645225524902344,41.58967208862305,4.535659313201904,6.30035400390625,0,4901,77
-4.9091796875,5.82523536682129,37.969120025634766,6.613060474395752,6.328410625457764,0,4902,78
-5.03277587890625,4.01936960220337,36.66722106933594,8.052186965942383,6.321005821228027,0,4903,79
-5.199066162109375,3.027134895324707,36.260986328125,8.66068458557129,6.282695770263672,0,4904,80
-5.365234375,2.464676856994629,35.846309661865234,8.842291831970215,6.30979299545288,0,4905,81
-7.5860595703125,2.800950527191162,28.300336837768555,10.219326972961426,6.281001567840576,0,4906,82
-8.5631103515625,3.352017402648926,24.34700584411621,11.488017082214355,6.310020446777344,0,4907,83
-8.96612548828125,3.784389019012451,22.214021682739258,12.006720542907715,6.281001567840576,0,4908,84
-5.420166015625,3.182425022125244,20.047901153564453,11.892311096191406,6.33776330947876,0,4909,85
-3.8477935791015625,2.6237990856170654,17.68587303161621,11.931052207946777,6.342848300933838,0,4910,86
-3.8209686279296875,2.3872320652008057,16.656442642211914,11.805925369262695,6.330899238586426,0,4911,87
-3.5849761962890625,2.5429084300994873,18.58727264404297,11.20889663696289,6.31736946105957,0,4912,88
-3.201263427734375,2.7407848834991455,19.14011573791504,10.1055269241333,6.281379222869873,0,4913,89
-3.09393310546875,2.921292543411255,18.36196517944336,8.3081111907959,6.255901336669922,0,4914,90
-2.1321563720703125,3.2035062313079834,18.12305450439453,5.01628828048706,6.284693241119385,0,4915,91
-1.4968414306640625,3.2648167610168457,17.20357322692871,3.321049690246582,6.284693241119385,0,4916,92
-1.4294281005859375,2.856536388397217,17.688758850097656,2.2300851345062256,6.3229217529296875,0,4917,93
-3.0123138427734375,1.55687952041626,16.2211971282959,1.5916152000427246,6.3362884521484375,0,4918,94
-4.4728546142578125,1.3253000974655151,15.858244895935059,1.4795459508895874,6.382550239562988,0,4919,95
-6.0926971435546875,1.8172856569290161,15.659319877624512,1.6935268640518188,6.424935340881348,0,4920,96
-5.237396240234375,1.9869472980499268,15.195891380310059,1.9279165267944336,6.51733684539795,0,4921,97
-4.8077239990234375,2.0723624229431152,15.013193130493164,2.0156519412994385,6.529820919036865,0,4923,98
-4.305145263671875,2.0921266078948975,14.5699987411499,1.8965197801589966,6.560726165771484,0,4924,99
0.0195465087890625,2.568549633026123,13.847461700439453,1.9265365600585938,6.52784299850464,0,4925,100
3.9095916748046875,3.91602373123169,14.899847984313965,1.641008973121643,6.558748245239258,0,4926,101
5.3659210205078125,5.12743377685547,12.143952369689941,2.0476274490356445,6.58422613143921,0,4927,102
6.5093994140625,6.21129846572876,13.427209854125977,1.7263637781143188,6.699910640716553,0,4928,103
7.367919921875,7.0504961013793945,13.0023136138916,1.6902611255645752,6.7460784912109375,0,4929,104
7.848480224609375,7.44601583480835,12.879988670349121,1.6299453973770142,6.770012378692627,0,4930,105
6.6950225830078125,6.983620643615723,13.231012344360352,1.4599859714508057,6.69687843322754,0,4931,106
5.6366729736328125,6.15483045578003,12.702629089355469,1.3639429807662964,6.69687843322754,0,4932,107
4.910369873046875,4.888105392456055,11.729523658752441,1.3825733661651611,6.57610845565796,0,4933,108
1.205963134765625,3.3365707397460938,11.995841026306152,1.3134641647338867,6.55873203277588,0,4934,109
-1.2037811279296875,3.6914875507354736,10.22393798828125,1.71003258228302,6.55873155593872,0,4935,110
-2.0155181884765625,4.640722274780273,9.055670738220215,1.952805995941162,6.594721794128418,0,4936,111
-0.288055419921875,4.95112133026123,13.767903327941895,2.09695553779602,6.601279258728027,0,4937,112
0.83929443359375,4.888624668121338,15.61495304107666,2.545091152191162,6.233002662658691,0,4938,113
1.2593994140625,4.520756244659424,17.537273406982422,3.405092716217041,6.201331615447998,0,4939,114
3.6070709228515625,3.8707358837127686,15.641951560974121,3.6164698600769043,6.1445698738098145,0,4940,115
5.3913726806640625,3.6080899238586426,14.922346115112305,3.7002153396606445,6.134725093841553,0,4941,116
6.7486114501953125,3.84179139137268,15.458651542663574,3.79882550239563,6.065929412841797,0,4942,117
7.4024658203125,4.29669952392578,14.324993133544922,3.6949141025543213,6.0026021003723145,0,4943,118
7.632659912109375,4.77311086654663,13.118401527404785,3.6053788661956787,5.953528881072998,0,4944,119
8.305755615234375,4.82395839691162,12.802122116088867,3.183418035507202,5.94774341583252,0,4945,120
11.157211303710938,4.83598518371582,12.223037719726562,2.243399143218994,5.968677043914795,0,4946,121
12.468276977539062,4.955444812774658,11.391985893249512,2.6298668384552,5.830679416656494,0,4947,122
13.615585327148438,5.0068182945251465,10.918298721313477,2.921818971633911,5.77109432220459,0,4948,123
12.644317626953125,4.38533592224121,9.751317024230957,2.8050146102905273,5.6854376792907715,0,4949,124
10.690902709960938,3.698770046234131,8.91403007507324,3.0239741802215576,5.61226511001587,0,4950,125
9.30241394042969,3.1788783073425293,8.37800884246826,3.2070395946502686,5.524687767028809,0,4951,126
10.485122680664062,2.8149502277374268,7.957393169403076,3.0231425762176514,5.460047245025635,0,4952,127
11.671798706054688,2.5017714500427246,7.4411444664001465,2.8984527587890625,5.442887783050537,0,4953,128
11.969772338867188,2.0732409954071045,8.775425910949707,2.6013495922088623,5.410466194152832,0,4954,129
13.502151489257812,1.7783842086791992,9.56684684753418,2.1660244464874268,5.27741289138794,0,4955,130
14.454147338867188,2.0628504753112793,10.938843727111816,1.8772261142730713,5.215953826904297,0,4956,131
15.768341064453125,2.560742139816284,12.82242202758789,2.2680423259735107,5.223812103271484,0,4957,132
15.9949951171875,2.92850923538208,11.4958438873291,2.3557369709014893,5.29580545425415,0,4959,133
15.632125854492188,3.1731507778167725,11.318645477294922,2.474743366241455,5.33519983291626,0,4960,134
16.168716430664062,3.239421844482422,10.760904312133789,2.47221565246582,5.416990756988525,0,4961,135
19.733413696289062,3.527146339416504,8.859387397766113,2.414966344833374,5.416990280151367,0,4962,136
21.180435180664062,3.9329750537872314,7.566670894622803,2.490769147872925,5.388198375701904,0,4963,137
21.852706909179688,4.233140468597412,6.56761646270752,2.7011659145355225,5.34395170211792,0,4964,138
22.0277099609375,4.175487518310547,9.03429698944092,2.6809821128845215,5.324259281158447,0,4965,139
22.589035034179688,4.15926742553711,11.824115753173828,2.8030803203582764,5.329686164855957,0,4966,140
22.633270263671875,4.007958889007568,17.03302574157715,4.1470046043396,5.3222808837890625,0,4967,141
21.212326049804688,3.70799970626831,22.30862045288086,6.570158958435059,5.33581018447876,0,4968,142
19.194961547851562,3.287360429763794,26.106521606445312,9.130104064941406,5.335810661315918,0,4969,143
18.611099243164062,2.683337926864624,29.6099853515625,11.567951202392578,5.371800899505615,0,4970,144
17.364013671875,2.3456876277923584,29.050952911376953,12.86411190032959,5.371800422668457,0,4971,145
16.455413818359375,2.9000356197357178,29.422954559326172,13.309249877929688,5.4101104736328125,0,4972,146
16.064453125,3.3382058143615723,30.28346824645996,12.91295051574707,5.428617000579834,0,4973,147
15.849105834960938,3.54924726486206,28.23272132873535,11.042411804199219,5.493797779083252,0,4974,148
15.594497680664062,3.5719237327575684,23.48821258544922,8.586442947387695,5.653432846069336,0,4975,149
15.2933349609375,3.2741641998291016,20.89680290222168,6.265982627868652,5.678911209106445,0,4976,150
17.463729858398438,2.438389301300049,19.905960083007812,5.497064590454102,5.773658275604248,0,4977,151
20.13519287109375,2.138951301574707,17.865930557250977,6.4001784324646,5.987781047821045,0,4978,152
21.942764282226562,2.80692195892334,18.561668395996094,7.068965911865234,6.0464043617248535,0,4979,153
23.024383544921875,3.6066782474517822,20.380470275878906,6.862360954284668,6.12416172027588,0,4980,154
23.7327880859375,4.300756931304932,22.621131896972656,6.371407985687256,6.131133079528809,0,4982,155
23.870712280273438,4.68139362335205,23.94354820251465,5.62645387649536,6.2228851318359375,0,4983,156
23.529190063476562,4.718788146972656,24.722515106201172,4.3936448097229,6.26829719543457,0,4984,157
23.100906372070312,4.44368314743042,25.37400245666504,3.646449327468872,6.3414692878723145,0,4985,158
20.865829467773438,3.7735166549682617,26.5910530090332,4.176877975463867,6.393120288848877,0,4986,159
19.692733764648438,2.7655088901519775,27.157133102416992,4.672289848327637,6.426003456115723,0,4987,160
19.788787841796875,2.2033605575561523,28.673667907714844,5.11147689819336,6.4334077835083,0,4988,161
19.928314208984375,2.23666000366211,31.02787971496582,5.220922470092773,6.44081211090088,0,4989,162
16.01385498046875,3.3023769855499268,26.273468017578125,4.21004819869995,6.397799015045166,0,4990,163
14.84405517578125,4.12760305404663,25.81546401977539,3.325589895248413,6.37556505203247,0,4991,164
13.497650146484375,4.734460830688477,25.23398208618164,2.8871500492095947,6.467316150665283,0,4992,165
14.731338500976562,4.645806312561035,23.407987594604492,2.99598217010498,6.499738693237305,0,4993,166
15.243362426757812,4.227643013000488,20.041563034057617,4.080723762512207,6.499738693237305,0,4994,167
15.94305419921875,3.4997127056121826,18.53524398803711,5.23738431930542,6.65937328338623,0,4995,168
18.125213623046875,3.1010048389434814,17.57265281677246,6.17034673690796,6.732045650482178,0,4996,169
20.07763671875,3.171659469604492,18.465919494628906,6.50311040878296,6.852815628051758,0,4997,170
21.62701416015625,3.557844400405884,16.740690231323242,6.581957817077637,6.925949573516846,0,4998,171
20.781021118164062,3.70270037651062,14.697059631347656,5.80634593963623,7.017701148986816,0,4999,172
19.567276000976562,3.795422077178955,13.369189262390137,5.90676736831665,7.027546405792236,0,5000,173
19.290573120117188,3.662212371826172,12.152786254882812,5.766124725341797,7.10516881942749,0,5001,174
16.611373901367188,3.1533660888671875,9.94411849975586,5.573622226715088,7.129047393798828,0,5002,175
14.809478759765625,3.1372857093811035,10.118929862976074,5.071321964263916,7.138892650604248,0,5003,176
12.384872436523438,3.7906291484832764,9.211633682250977,5.0693559646606445,7.15318727493286,0,5004,177
11.34112548828125,4.61671257019043,13.17216682434082,4.581357955932617,7.130858421325684,0,5005,178
10.572982788085938,5.386718273162842,16.382776260375977,4.381872177124023,7.111136436462402,0,5006,179
10.320114135742188,5.720819473266602,19.688600540161133,4.705500602722168,7.095864295959473,0,5007,180
9.415283203125,5.5588178634643555,22.119731903076172,5.927301406860352,7.043259620666504,0,5008,181
8.416778564453125,5.256928443908691,23.941953659057617,7.356084823608398,7.007268905639648,0,5009,182
8.69520568847656,4.685115337371826,24.8157787322998,8.44972610473633,7.002509117126465,0,5010,183
9.85643005371094,3.4495692253112793,26.233461380004883,9.24872589111328,7.010542392730713,0,5011,184
10.28857421875,2.440478563308716,27.1635799407959,9.300631523132324,7.001935958862305,0,5012,185
10.146728515625,1.51873779296875,26.820762634277344,8.639698028564453,6.991423606872559,0,5013,186
11.124710083007812,1.2333067655563354,23.69359588623047,6.486848831176758,6.9182515144348145,0,5014,187
12.318634033203125,1.4707216024398804,18.977489471435547,5.0544819831848145,6.86223840713501,0,5015,188
12.344253540039062,1.7293682098388672,15.796112060546875,5.223079681396484,6.82148838043213,0,5016,189
11.472198486328125,1.7957103252410889,13.989545822143555,6.442409992218018,6.8122782707214355,0,5017,190
10.314453125,1.740287184715271,13.08044147491455,7.63150978088379,6.78261375427246,0,5018,191
9.72564697265625,1.5168174505233765,11.680753707885742,8.61437511444092,6.7266011238098145,0,5019,192
9.80401611328125,1.3073081970214844,11.9577693939209,8.990044593811035,6.562206745147705,0,5020,193
9.59788513183594,1.34359347820282,10.74282169342041,8.86938953399658,6.489034175872803,0,5021,194
9.356353759765625,1.448506474494934,10.575315475463867,7.886054515838623,6.396029949188232,0,5022,195
7.4857177734375,1.9373854398727417,12.3423547744751,5.804937839508057,6.355279445648193,0,5023,196
6.463134765625,2.4615726470947266,13.213775634765625,3.5401241779327393,6.3236083984375,0,5024,197
6.9271392822265625,2.4599452018737793,13.91894817352295,2.2338671684265137,6.271003246307373,0,5025,198
6.1994171142578125,2.3503401279449463,13.948687553405762,1.792681336402893,6.249945640563965,0,5026,199
5.5206298828125,2.3222858905792236,14.898669242858887,1.9846241474151611,6.255731582641602,0,5027,200
5.2767791748046875,2.359154462814331,14.938506126403809,2.2276623249053955,6.219741344451904,0,5028,201
8.09893798828125,2.1777591705322266,19.36374282836914,3.552356719970703,6.174540996551514,0,5029,202
9.46177673339844,2.1130852699279785,22.001386642456055,5.009585857391357,6.1282782554626465,0,5030,203
9.26727294921875,2.0536491870880127,23.175819396972656,5.86693572998047,6.09228801727295,0,5031,204
8.017608642578125,1.8828485012054443,24.540212631225586,6.368688106536865,6.048892498016357,0,5032,205
6.8371429443359375,1.887678623199463,26.4204158782959,7.021541118621826,6.010582447052002,0,5033,206
6.3363037109375,1.8978779315948486,26.961938858032227,7.334043979644775,5.98664903640747,0,5034,207
7.4058990478515625,1.8951890468597412,22.791622161865234,6.764014720916748,5.89424753189087,0,5035,208
8.28089904785156,1.873539686203003,20.238651275634766,5.881240367889404,5.734612464904785,0,5036,209
8.45402526855469,1.686281442642212,18.239665985107422,5.21665906906128,5.703707695007324,0,5037,210
8.16502380371094,1.2601938247680664,20.020376205444336,4.130913257598877,5.586727619171143,0,5038,211
8.036834716796875,1.2599046230316162,21.094682693481445,3.9244985580444336,5.329209804534912,0,5039,212
8.19078063964844,1.085602879524231,22.275028228759766,3.9181342124938965,5.264029026031494,0,5040,213
9.710479736328125,1.198546051979065,19.526220321655273,4.121707439422607,5.196784019470215,0,5041,214
10.886932373046875,1.7015502452850342,17.501495361328125,4.418880939483643,5.18325424194336,0,5042,215
11.541702270507812,2.0406620502471924,15.539469718933105,4.409876823425293,5.0675687789917,0,5043,216
10.52099609375,1.847698450088501,13.822874069213867,3.9853639602661133,4.917271614074707,0,5044,217
10.109130859375,1.7066807746887207,12.9227876663208,4.368767738342285,4.839648723602295,0,5045,218
9.83598327636719,1.6360623836517334,12.063908576965332,4.956428050994873,4.752007007598877,0,5046,219
9.682769775390625,1.5592176914215088,12.090128898620605,5.422491550445557,4.708611488342285,0,5047,220
9.54927062988281,1.4058748483657837,11.377240180969238,5.609479904174805,4.67030143737793,0,5048,221
9.00331115722656,1.223220705986023,11.666616439819336,5.22355318069458,4.637417793273926,0,5049,222
8.86000061035156,1.0697108507156372,11.666492462158203,3.9134764671325684,4.588679790496826,0,5050,223
9.10466003417969,1.1241881847381592,12.874006271362305,2.7467808723449707,4.575958728790283,0,5051,224
8.70777893066406,1.1254839897155762,13.224677085876465,1.756047248840332,4.4842071533203125,0,5052,225
9.36125183105469,0.7486695051193237,13.374316215515137,1.1701972484588623,4.459189414978027,0,5053,226
9.47540283203125,0.579670786857605,12.582372665405273,0.9826948642730713,4.4418134689331055,0,5054,227
9.21556091308594,0.4738143980503082,12.698392868041992,0.9609609246253967,4.292690753936768,0,5055,228
10.7015380859375,0.7279385328292847,14.040009498596191,1.194237232208252,4.225445747375488,0,5056,229
11.738784790039062,1.2166497707366943,15.942147254943848,1.8764899969100952,4.109760761260986,0,5057,230
13.048919677734375,1.8717893362045288,18.285037994384766,2.8463072776794434,3.9958770275115967,0,5059,231
13.039520263671875,2.203195571899414,16.301517486572266,2.886972188949585,3.8856189250946045,0,5060,232
13.035659790039062,2.3447561264038086,15.788652420043945,2.703796863555908,3.8856186866760254,0,5061,233
13.144805908203125,2.401526689529419,15.466334342956543,2.604935646057129,3.8079960346221924,0,5062,234
12.930007934570312,2.2180216312408447,18.109743118286133,2.856102228164673,3.8025691509246826,0,5063,235
12.005477905273438,1.97904908657074,17.87066078186035,2.9027347564697266,3.788273811340332,0,5064,236
11.729873657226562,1.6695642471313477,18.63445472717285,2.716128349304199,3.77842903137207,0,5065,237
11.270904541015625,1.1488747596740723,19.876310348510742,2.487497329711914,3.79567289352417,0,5066,238
11.388137817382812,0.9996267557144165,20.819774627685547,2.5220937728881836,3.804882764816284,0,5067,239
11.229141235351562,1.0748083591461182,21.61590003967285,2.8773844242095947,3.809642791748047,0,5068,240
10.482162475585938,1.235962986946106,19.356901168823242,2.916428804397583,3.84131383895874,0,5069,241
10.502883911132812,1.28339958190918,18.105831146240234,2.74212098121643,3.8463990688323975,0,5070,242
10.286514282226562,1.273138165473938,16.60102081298828,2.5839531421661377,3.8674569129943848,0,5071,243
11.00946044921875,1.0361418724060059,15.33207893371582,2.6199140548706055,3.8719072341918945,0,5072,244
10.749221801757812,0.730437397956848,15.400162696838379,2.9823710918426514,3.8903589248657227,0,5073,245
10.731369018554688,0.5988431572914124,15.114035606384277,3.3087286949157715,3.895443916320801,0,5074,246
9.93060302734375,0.6091008186340332,15.760866165161133,3.4449820518493652,3.882960081100464,0,5075,247
9.75575256347656,0.68353009223938,15.75549030303955,3.386941432952881,3.8877198696136475,0,5076,248
8.700958251953125,0.9460633397102356,17.052045822143555,2.941746234893799,3.892479658126831,0,5077,249
9.6915283203125,0.882697582244873,18.302104949951172,2.052398920059204,3.89247989654541,0,5078,250
9.96241760253906,0.876483142375946,18.89676856994629,1.9295094013214111,3.9010865688323975,0,5079,251
10.618545532226562,0.8859941363334656,19.383575439453125,2.2021124362945557,3.905846118927002,0,5080,252
10.683517456054688,0.9127360582351685,18.45475959777832,2.321197509765625,3.8972396850585938,0,5081,253
10.853073120117188,0.888868510723114,18.664691925048828,2.2858943939208984,3.8886330127716064,0,5082,254
11.462814331054688,1.0151805877685547,19.004674911499023,2.1972498893737793,3.8787879943847656,0,5083,255
10.8623046875,1.0280214548110962,17.49066162109375,1.8274961709976196,3.883547782897949,0,5084,256
9.9453125,1.027312159538269,16.705429077148438,1.6287052631378174,3.8927578926086426,0,5085,257
9.674041748046875,1.0350862741470337,16.91031837463379,1.3453940153121948,3.901968002319336,0,5086,258
8.71580505371094,1.0312066078186035,17.47811508178711,1.2867023944854736,3.9067280292510986,0,5087,259
7.0735931396484375,1.6592774391174316,18.451200485229492,1.2926732301712036,3.873185873031616,0,5088,260
6.3722381591796875,2.223268985748291,19.83145523071289,1.4638508558273315,3.8559420108795166,0,5089,261
4.9832611083984375,2.8607382774353027,19.488237380981445,1.4820892810821533,3.8479080200195312,0,5090,262
4.5987701416015625,3.2734973430633545,20.06409454345703,1.6855918169021606,3.84790825843811,0,5091,263
4.10919189453125,3.509157419204712,20.275022506713867,1.876301884651184,3.838698148727417,0,5092,264
6.768646240234375,3.093015193939209,20.65656089782715,2.087533950805664,3.8214542865753174,0,5093,265
7.7657318115234375,2.660038471221924,20.615488052368164,2.138977527618408,3.8030025959014893,0,5094,266
8.208465576171875,2.38280463218689,21.480506896972656,2.044001340866089,3.7806735038757324,0,5095,267
8.73197937011719,2.1970713138580322,21.380569458007812,1.7372031211853027,3.772066831588745,0,5096,268
9.16862487792969,2.2795562744140625,21.617708206176758,1.3761188983917236,3.7548229694366455,0,5097,269
9.130340576171875,2.476025342941284,21.925315856933594,1.1568797826766968,3.7324938774108887,0,5098,270
9.65428161621094,2.681302785873413,22.945959091186523,1.416925072669983,3.6901087760925293,0,5099,271
10.471649169921875,2.7346689701080322,22.42513084411621,1.307899832725525,3.680898666381836,0,5100,272
10.277618408203125,2.4458436965942383,23.22808074951172,1.3833931684494019,3.668949842453003,0,5101,273
9.698333740234375,1.4923615455627441,22.179418563842773,1.21869957447052,3.6536779403686523,0,5102,274
9.47682189941406,1.1035791635513306,20.6996955871582,1.2097623348236084,3.622007131576538,0,5103,275
9.36468505859375,0.870224356651306,19.547597885131836,1.5004713535308838,3.6121621131896973,0,5104,276
9.04052734375,0.706083595752716,18.744421005249023,2.002448558807373,3.6201958656311035,0,5105,277
8.182586669921875,0.8408339619636536,18.870420455932617,2.30773138999939,3.6246461868286133,0,5106,278
7.4870147705078125,1.16368567943573,18.1168041229248,2.664031982421875,3.6246461868286133,0,5107,279
7.6931915283203125,1.334614634513855,16.059328079223633,3.3303723335266113,3.6246461868286133,0,5108,280
7.7440948486328125,1.4223638772964478,15.336770057678223,3.68497085571289,3.606194496154785,0,5109,281
8.11155700683594,1.2699861526489258,14.876945495605469,3.895874261856079,3.586472272872925,0,5110,282
6.75628662109375,1.277708888053894,15.274012565612793,3.4866511821746826,3.5440871715545654,0,5111,283
6.3580322265625,1.3533204793930054,16.360408782958984,2.8592369556427,3.5383012294769287,0,5112,284
6.721221923828125,1.2691251039505005,17.626615524291992,2.371892213821411,3.525580644607544,0,5113,285
6.6164703369140625,1.1042393445968628,18.96802520751953,2.2529819011688232,3.4688193798065186,0,5114,286
6.58343505859375,0.8909159898757935,21.957067489624023,3.0745792388916016,3.454523801803589,0,5115,287
7.0724334716796875,0.777795135974884,23.191951751708984,3.988194465637207,3.4348015785217285,0,5116,288
8.871368408203125,1.057376742362976,23.3210506439209,4.680891036987305,3.403432846069336,0,5117,289
10.19891357421875,1.6066280603408813,22.73948097229004,4.911064624786377,3.384981393814087,0,5118,290
10.648223876953125,2.0630271434783936,22.37932777404785,4.767267227172852,3.380531072616577,0,5119,291
12.193328857421875,2.744368553161621,22.16012954711914,4.240188121795654,3.3751041889190674,0,5120,292
13.271026611328125,3.337442636489868,21.721288681030273,3.4371752738952637,3.360808849334717,0,5121,293
13.248504638671875,3.5627479553222656,21.785673141479492,2.5659019947052,3.386317253112793,0,5122,294
14.180938720703125,3.7658963203430176,20.07301902770996,1.89106810092926,3.4036929607391357,0,5123,295
14.3536376953125,3.6923739910125732,19.922035217285156,1.6055402755737305,3.4179880619049072,0,5124,296
14.172409057617188,3.2594635486602783,18.32016372680664,2.2557966709136963,3.427833080291748,0,5125,297
13.6971435546875,2.5026443004608154,15.7150297164917,3.2660279273986816,3.432918071746826,0,5126,298
13.75848388671875,1.9207699298858643,13.335197448730469,4.381866455078125,3.443430185317993,0,5127,299
13.522796630859375,1.45202374458313,11.84093189239502,5.337133884429932,3.443430185317993,0,5128,300
13.116989135742188,0.8290496468544006,12.281158447265625,5.687907695770264,3.45695972442627,0,5129,301
12.225723266601562,0.8193223476409912,13.247668266296387,5.53966522216797,3.48786473274231,0,5130,302
11.9932861328125,1.0393022298812866,13.222960472106934,5.17351770401001,3.476651668548584,0,5131,303
12.032257080078125,1.18693745136261,12.169652938842773,4.54151201248169,3.5038721561431885,0,5132,304
11.582962036132812,1.3011622428894043,11.30226993560791,4.052636623382568,3.515084981918335,0,5133,305
11.755325317382812,1.2488666772842407,11.179694175720215,3.0752017498016357,3.5205118656158447,0,5134,306
11.941757202148438,1.1137678623199463,12.786388397216797,1.828015923500061,3.554053783416748,0,5136,307
12.650924682617188,0.991207182407379,13.831782341003418,1.261715292930603,3.5703516006469727,0,5137,308
13.059249877929688,0.8515998721122742,16.169870376586914,2.0352234840393066,3.5808639526367188,0,5138,309
13.823867797851562,0.931702733039856,18.98982810974121,3.328216791152954,3.612534999847412,0,5139,310
14.013015747070312,1.11180305480957,21.558197021484375,4.775192737579346,3.653285026550293,0,5140,311
14.982131958007812,1.4899182319641113,23.59314727783203,6.179896354675293,3.6695830821990967,0,5141,312
14.60443115234375,1.6104782819747925,23.67840003967285,7.014342784881592,3.7054104804992676,0,5142,313
15.154830932617188,1.7467639446258545,24.093496322631836,7.37425661087036,3.7292892932891846,0,5143,314
15.452178955078125,1.733155608177185,23.720943450927734,7.068068027496338,3.756510019302368,0,5145,315
13.7451171875,1.4810893535614014,21.8106803894043,6.02094268798828,3.80776309967041,0,5146,316
12.970001220703125,1.2668262720108032,20.176006317138672,4.880127906799316,3.8437533378601074,0,5147,317
11.737091064453125,1.4896738529205322,18.79127311706543,3.7134475708007812,3.8488385677337646,0,5148,318
13.351913452148438,1.4615272283554077,21.185333251953125,2.771285057067871,3.884828805923462,0,5149,319
13.990707397460938,1.459531545639038,22.462242126464844,2.4241116046905518,3.93109130859375,0,5150,320
14.98779296875,1.5146543979644775,22.3704776763916,2.4108662605285645,3.958847761154175,0,5151,321
16.33575439453125,1.7457209825515747,21.63376808166504,2.3175833225250244,4.01208209991455,0,5152,322
17.647903442382812,2.2405641078948975,20.33104705810547,2.261019229888916,4.058344841003418,0,5153,323
18.735000610351562,2.827207326889038,19.014318466186523,2.1871612071990967,4.127140522003174,0,5154,324
18.636337280273438,3.217897891998291,18.662643432617188,2.035055637359619,4.1956377029418945,0,5155,325
19.175216674804688,3.5111262798309326,18.863187789916992,2.0841500759124756,4.260257720947266,0,5156,326
19.0118408203125,3.489095449447632,17.04505157470703,2.544539213180542,4.29379940032959,0,5157,327
16.954483032226562,2.7837438583374023,16.868749618530273,2.867018938064575,4.343156814575195,0,5158,328
15.83984375,2.348325252532959,17.315799713134766,2.9807934761047363,4.376698970794678,0,5159,329
13.867019653320312,2.3794403076171875,17.048614501953125,2.7493536472320557,4.416403770446777,0,5160,330
12.382659912109375,2.9776813983917236,19.731782913208008,2.2325947284698486,4.44606876373291,0,5161,331
11.301589965820312,3.7546794414520264,22.631450653076172,2.5411250591278076,4.46579122543335,0,5162,332
10.3719482421875,4.41259002685547,26.95263671875,4.409852027893066,4.46036434173584,0,5163,333
11.2666015625,4.49181842803955,24.5227165222168,4.937155723571777,4.470209121704102,0,5164,334
11.7899169921875,4.295684814453125,23.20036506652832,5.081428050994873,4.479419231414795,0,5165,335
12.50286865234375,3.6793510913848877,20.89626693725586,5.026045322418213,4.48417854309082,0,5166,336
12.624984741210938,2.707512617111206,21.25455665588379,4.713260650634766,4.503900527954102,0,5167,337
12.758575439453125,1.9821752309799194,22.05181312561035,4.25547695159912,4.513744831085205,0,5168,338
12.862197875976562,1.2961119413375854,23.589597702026367,3.7778103351593018,4.518830299377441,0,5169,339
13.050186157226562,1.1290396451950073,24.4375,2.9161555767059326,4.52391529083252,0,5170,340
13.380828857421875,1.2453608512878418,23.4759578704834,2.4639744758605957,4.553579807281494,0,5171,341
12.56915283203125,1.182939887046814,23.869962692260742,2.4517791271209717,4.5852508544921875,0,5172,342
12.890777587890625,0.7981441617012024,22.4919490814209,1.7588951587677,4.64201259613037,0,5173,343
13.914230346679688,0.726435124874115,22.239473342895508,1.608302116394043,4.660519123077393,0,5174,344
14.4840087890625,0.8347443342208862,21.35218620300293,1.700128197669983,4.673239707946777,0,5175,345
15.794601440429688,1.3327022790908813,22.7142276763916,1.4914302825927734,4.722596168518066,0,5176,346
16.542831420898438,1.7802268266677856,23.903982162475586,1.3716202974319458,4.742318153381348,0,5177,347
16.77264404296875,2.0677881240844727,24.672779083251953,1.4587074518203735,4.849617958068848,0,5178,348
17.139419555664062,2.2736380100250244,23.325925827026367,1.4510588645935059,4.90646505355835,0,5179,349
17.5615234375,2.4261138439178467,22.7375659942627,1.33991277217865,4.963226795196533,0,5180,350
18.22589111328125,2.590425729751587,22.9775390625,1.3259752988815308,5.040849685668945,0,5181,351
19.226394653320312,2.578310966491699,21.256977081298828,1.4608879089355469,5.03576421737671,0,5182,352
19.279464721679688,2.34164810180664,19.92911148071289,1.9259833097457886,5.132615566253662,0,5183,353
19.756500244140625,2.172401189804077,18.085834503173828,2.744974374771118,5.194075107574463,0,5184,354
19.738189697265625,1.8673080205917358,17.488197326660156,3.4148871898651123,5.18212604522705,0,5185,355
19.19891357421875,1.6210750341415405,16.823740005493164,3.97897219657898,5.245453834533691,0,5186,356
19.128570556640625,1.4195433855056763,16.92804718017578,4.110809326171875,5.256667137145996,0,5187,357
16.641128540039062,1.4515217542648315,17.55742835998535,3.6999425888061523,5.294977188110352,0,5188,358
14.43182373046875,2.190264940261841,16.26007843017578,3.5165865421295166,5.32045555114746,0,5189,359
13.8583984375,2.853222131729126,15.927069664001465,3.226126194000244,5.3367533683776855,0,5190,360
12.60955810546875,3.5846285820007324,14.94637680053711,2.6103529930114746,5.31706142425537,0,5191,361
11.5804443359375,4.172789096832275,14.786602020263672,2.1253764629364014,5.291583061218262,0,5192,362
11.407196044921875,4.473260402679443,14.827960968017578,1.6877422332763672,5.28173828125,0,5193,363
12.698699951171875,4.24830722808838,15.412063598632812,1.5002844333648682,5.25927734375,0,5194,364
12.833404541015625,3.766089677810669,17.20932960510254,1.448738694190979,5.253491401672363,0,5195,365
13.780975341796875,3.0814640522003174,17.2010555267334,1.4997042417526245,5.248064041137695,0,5196,366
14.636550903320312,2.031001567840576,17.863842010498047,1.658249020576477,5.26078462600708,0,5197,367
14.621307373046875,1.5510183572769165,17.845985412597656,1.7130486965179443,5.2669477462768555,0,5198,368
14.495513916015625,1.5603855848312378,17.770837783813477,1.843164324760437,5.2669477462768555,0,5199,369
14.141448974609375,1.5849405527114868,19.65791130065918,2.3165767192840576,5.2444868087768555,0,5200,370
14.301254272460938,1.6029959917068481,21.684324264526367,2.986867904663086,5.213581085205078,0,5201,371
14.058944702148438,1.369112491607666,22.730897903442383,3.481241226196289,5.1972832679748535,0,5202,372
12.733154296875,1.0187636613845825,22.283327102661133,3.4639008045196533,5.179906845092773,0,5203,373
11.323837280273438,1.3902385234832764,21.840776443481445,3.189110040664673,5.160184383392334,0,5204,374
10.766128540039062,1.8196895122528076,21.515657424926758,3.052063465118408,5.142808437347412,0,5205,375
10.87518310546875,2.0992517471313477,21.21137809753418,2.7443456649780273,5.09155559539795,0,5206,376
10.70513916015625,2.2107858657836914,19.956947326660156,2.4615581035614014,5.042198657989502,0,5207,377
10.959671020507812,2.1574299335479736,19.930631637573242,2.094252824783325,5.042198657989502,0,5208,378
11.078338623046875,1.9975506067276,21.5571403503418,1.4601311683654785,5.016720294952393,0,5209,379
11.030868530273438,1.80036985874176,22.414825439453125,1.3155306577682495,4.99821376800537,0,5210,380
11.431915283203125,1.3891898393630981,23.59938621520996,1.6069138050079346,4.97849178314209,0,5211,381
10.73797607421875,0.7801342606544495,24.353246688842773,1.9515281915664673,4.925257205963135,0,5212,382
10.357879638671875,0.40587118268013,24.336631774902344,2.2345268726348877,4.891479015350342,0,5213,383
10.15447998046875,0.47072774171829224,25.047117233276367,2.58167028427124,4.807674884796143,0,5214,384
9.31559753417969,0.7730956077575684,23.771442413330078,2.607567071914673,4.735565662384033,0,5215,385
9.539764404296875,0.8896881341934204,24.78874397277832,2.6668970584869385,4.689397811889648,0,5216,386
9.8848876953125,0.9226632118225098,23.914716720581055,2.2371504306793213,4.659733295440674,0,5217,387
10.75164794921875,0.904313087463379,21.6254711151123,1.7470006942749023,4.61898374557495,0,5218,388
11.247467041015625,0.9301369786262512,19.27994728088379,2.4493954181671143,4.589318752288818,0,5219,389
11.369384765625,0.978627860546112,17.151479721069336,3.6602344512939453,4.54961347579956,0,5220,390
10.21307373046875,0.8802170753479004,16.380184173583984,4.578620433807373,4.528555870056152,0,5221,391
9.394256591796875,0.9414299130439758,15.447965621948242,5.2488179206848145,4.49718713760376,0,5222,392
8.687225341796875,1.126778244972229,15.042407989501953,5.6240010261535645,4.471245288848877,0,5223,393
8.56105041503906,1.2794188261032104,11.943405151367188,6.14816427230835,4.441941261291504,0,5224,394
8.89115905761719,1.3263994455337524,10.0730619430542,6.7544903755188,4.43273115158081,0,5225,395
8.9530029296875,1.3733636140823364,9.5515661239624,6.57384204864502,4.41548728942871,0,5226,396
8.91978454589844,1.4172316789627075,11.768302917480469,5.534658432006836,4.387731075286865,0,5227,397
9.119140625,1.3473844528198242,15.480531692504883,4.4685187339782715,4.35842752456665,0,5228,398
8.76702880859375,1.1248363256454468,19.99470329284668,4.650278091430664,4.336098670959473,0,5229,399
9.27018737792969,0.6132747530937195,18.968849182128906,4.950469970703125,4.3176469802856445,0,5230,400
9.46492004394531,0.3921709954738617,18.3592586517334,5.186147689819336,4.280492305755615,0,5231,401
9.77650451660156,0.48446306586265564,18.42463493347168,5.44214105606079,4.23717451095581,0,5232,402
9.515960693359375,0.49044424295425415,18.39866828918457,5.649409294128418,4.169560432434082,0,5233,403
9.51240539550781,0.438667505979538,18.185211181640625,5.518578052520752,4.116322994232178,0,5234,404
9.34037780761719,0.412992149591446,18.690893173217773,4.811723709106445,4.066447734832764,0,5235,405
10.612014770507812,0.662960648536682,19.807838439941406,3.4076225757598877,4.021247386932373,0,5236,406
11.4447021484375,1.0141031742095947,21.051883697509766,2.0432376861572266,3.98987865447998,0,5237,407
12.727874755859375,1.5664441585540771,20.939552307128906,1.51586389541626,3.88257908821106,0,5238,408
12.0411376953125,1.6413977146148682,22.77097511291504,2.1543540954589844,3.8293449878692627,0,5239,409
11.304367065429688,1.59844434261322,24.947587966918945,3.1688809394836426,3.7725837230682373,0,5240,410
11.045974731445312,1.52328884601593,26.3249454498291,4.020361423492432,3.6949610710144043,0,5241,411
12.088699340820312,1.5472556352615356,22.274906158447266,3.85267448425293,3.685750961303711,0,5242,412
12.022994995117188,1.4477519989013672,20.63858413696289,3.6028637886047363,3.603193998336792,0,5243,413
12.937667846679688,1.3754842281341553,19.480159759521484,3.3798303604125977,3.530521869659424,0,5244,414
12.827239990234375,1.024826169013977,19.61542320251465,3.2240805625915527,3.5107996463775635,0,5245,415
13.01513671875,0.928175985813141,20.183551788330078,3.1784260272979736,3.425143241882324,0,5246,416
13.474395751953125,1.0108641386032104,20.6494255065918,3.204252243041992,3.399634838104248,0,5247,417
12.624679565429688,1.004717230796814,20.51845359802246,3.2333085536956787,3.351480007171631,0,5248,418
12.0166015625,1.0061670541763306,19.914093017578125,3.2814245223999023,3.3021230697631836,0,5249,419
11.323593139648438,1.0025389194488525,20.650835037231445,2.8080403804779053,3.264968156814575,0,5250,420
11.5208740234375,0.902296006679535,21.918142318725586,1.2634801864624023,3.2314260005950928,0,5251,421
11.94287109375,0.913135290145874,22.43604278564453,1.310957908630371,3.216154098510742,0,5252,422
11.905426025390625,0.9226632118225098,23.011428833007812,1.6874873638153076,3.2000572681427,0,5253,423
12.059646606445312,0.8892784118652344,21.4144172668457,1.5627485513687134,3.1792006492614746,0,5254,424
12.264984130859375,0.8533098101615906,20.77029037475586,1.4131355285644531,3.147831678390503,0,5255,425
12.420303344726562,0.7801342606544495,20.6908073425293,1.3552035093307495,3.118527889251709,0,5256,426
14.216461181640625,1.032971978187561,24.032079696655273,1.8040026426315308,3.068652868270874,0,5257,427
14.931488037109375,1.5156161785125732,27.022506713867188,2.9322586059570312,3.0253353118896484,0,5258,428
15.299774169921875,1.8870997428894043,28.580982208251953,3.8300395011901855,3.0311214923858643,0,5259,429
13.107498168945312,1.7666703462600708,29.294132232666016,4.49455451965332,3.000877857208252,0,5260,430
11.897552490234375,1.7149847745895386,29.01093101501465,4.88272762298584,2.9655489921569824,0,5261,431
10.867752075195312,1.8870997428894043,28.372028350830078,5.006908893585205,2.93530535697937,0,5262,432
11.283172607421875,1.9635289907455444,31.794095993041992,5.626534461975098,2.892500638961792,0,5263,433
11.668472290039062,1.9984620809555054,37.045570373535156,6.8893723487854,2.8639914989471436,0,5264,434
12.04547119140625,2.01154112815857,40.349456787109375,7.977060794830322,2.83468747138977,0,5265,435
11.523971557617188,2.0734167098999023,44.870574951171875,9.162153244018555,2.813830852508545,0,5266,436
11.532211303710938,1.9937177896499634,46.36960220336914,10.179156303405762,2.7942655086517334,0,5267,437
11.803131103515625,1.6378427743911743,48.033897399902344,11.115900993347168,2.758936643600464,0,5268,438
11.63104248046875,0.75545334815979,49.85551834106445,11.826996803283691,2.7275679111480713,0,5269,439
10.990829467773438,0.49044424295425415,50.5886116027832,11.972152709960938,2.6928372383117676,0,5270,440
10.504867553710938,0.6096989512443542,52.3791275024414,11.499951362609863,2.6811907291412354,0,5271,441
10.11492919921875,0.7820005416870117,54.22029495239258,9.965306282043457,2.66301441192627,0,5272,442
9.98783874511719,0.9518234729766846,55.8993263244629,8.314778327941895,2.6279330253601074,0,5273,443
9.47254943847656,1.1466525793075562,57.03335189819336,7.253596782684326,2.621907949447632,0,5274,444
8.765838623046875,1.339247703552246,60.39009094238281,6.892622470855713,2.607344627380371,0,5275,445
8.75048828125,1.4699782133102417,62.43413162231445,7.323256492614746,2.5624184608459473,0,5276,446
8.125030517578125,1.6165742874145508,62.733795166015625,7.329548358917236,2.53398871421814,0,5277,447
7.0667877197265625,1.7942898273468018,62.895633697509766,7.04706573486328,2.4989073276519775,0,5278,448
6.333404541015625,1.9491935968399048,62.636287689208984,6.547053337097168,2.4724323749542236,0,5279,449
6.1322174072265625,2.042980909347534,62.89313888549805,5.683338165283203,2.456744432449341,0,5280,450
6.266754150390625,2.0149781703948975,61.54644012451172,4.590306758880615,2.428572416305542,0,5281,451
6.7216949462890625,1.85595977306366,60.50566864013672,3.51632571220398,2.407632827758789,0,5282,452
6.3932647705078125,1.6219736337661743,60.1233901977539,2.5955395698547363,2.38489556312561,0,5283,453
7.26312255859375,1.32144570350647,62.67108154296875,1.579496145248413,2.3692729473114014,0,5284,454
7.5153350830078125,1.1271015405654907,64.75267028808594,1.837802529335022,2.3430631160736084,0,5285,455
8.64967346191406,1.099278450012207,64.59334564208984,2.0944948196411133,2.322587490081787,0,5286,456
10.020065307617188,1.6034505367279053,66.3293914794922,2.682769298553467,2.3095879554748535,0,5287,457
11.699172973632812,2.4237117767333984,67.45115661621094,3.3491780757904053,2.29608702659607,0,5288,458
13.317489624023438,3.239983081817627,66.99342346191406,3.6815977096557617,2.299964427947998,0,5289,459
13.019973754882812,3.554980993270874,68.51065063476562,4.18400478363037,2.2924740314483643,0,5290,460
12.645263671875,3.5719237327575684,68.9412307739258,4.379563331604004,2.3085711002349854,0,5291,461
12.391738891601562,3.4357283115386963,69.2823944091797,4.098054885864258,2.334512710571289,0,5292,462
14.093658447265625,3.2499618530273438,69.11537170410156,3.1383650302886963,2.345364570617676,0,5293,463
15.09716796875,3.1248509883880615,68.2604293823242,2.411358118057251,2.3453643321990967,0,5294,464
17.461181640625,3.2100868225097656,67.32872772216797,2.0346603393554688,2.322627067565918,0,5295,465
18.598785400390625,3.371819257736206,66.51177978515625,1.517958641052246,2.290041208267212,0,5296,466
20.425079345703125,3.838477849960327,63.48932647705078,2.398193836212158,2.2710564136505127,0,5297,467
22.287948608398438,4.58307647705078,61.62990188598633,3.5575289726257324,2.24042534828186,0,5298,468
26.102996826171875,5.99580192565918,60.62929153442383,4.531325340270996,2.2222492694854736,0,5300,469
28.991546630859375,7.333985328674316,60.1895866394043,5.12585687637329,2.202683687210083,0,5301,470
30.81475830078125,8.212193489074707,59.7820701599121,5.394864559173584,2.178961992263794,0,5302,471
31.94085693359375,8.459325790405273,61.16674041748047,5.0579962730407715,2.1709282398223877,0,5303,472
33.09709167480469,8.486491203308105,62.3439826965332,4.35949945449829,2.135599374771118,0,5304,473
33.68382263183594,8.058324813842773,62.00738525390625,3.575124502182007,2.0950942039489746,0,5305,474
34.54388427734375,7.5711541175842285,66.1445846557617,3.255291700363159,2.076961040496826,0,5306,475
35.029998779296875,6.686392307281494,68.79370880126953,3.956298589706421,2.056485176086426,0,5307,476
35.543670654296875,5.5511155128479,70.3469772338867,5.22771692276001,2.0204505920410156,0,5308,477
39.144561767578125,4.739596843719482,72.4384078979492,6.493443965911865,1.9799656867980957,0,5309,478
41.874176025390625,4.928340435028076,74.39932250976562,7.525259017944336,1.9556126594543457,0,5310,479
45.05628967285156,5.898313999176025,75.7501678466797,8.13676452636719,1.9491257667541504,0,5311,480
46.164276123046875,6.65129041671753,77.81085205078125,8.40760898590088,1.9361262321472168,0,5312,481
47.38346862792969,7.185970783233643,80.34911346435547,8.73432159423828,1.9361261129379272,0,5313,482
48.26918029785156,7.484620571136475,82.15213012695312,8.840614318847656,1.9477726221084595,0,5314,483
47.85528564453125,7.266231536865234,81.9935989379883,7.797637939453125,2.0120246410369873,0,5315,484
49.07337951660156,6.880387783050537,83.11096954345703,7.194655418395996,2.0491793155670166,0,5316,485
50.74125671386719,6.23626184463501,83.95668029785156,6.678577423095703,2.0491793155670166,0,5317,486
50.86787414550781,4.862040996551514,84.46497344970703,5.941835403442383,2.0527920722961426,0,5318,487
48.97224426269531,3.5183701515197754,84.6406936645508,5.129454135894775,2.0527920722961426,0,5319,488
46.47023010253906,2.464381217956543,84.40477752685547,4.227214813232422,2.0192501544952393,0,5320,489
47.2200927734375,2.101505994796753,83.1376266479492,3.000868797302246,2.03612732887268,0,5321,490
45.197662353515625,2.311441421508789,81.4062728881836,2.0239462852478027,2.0455143451690674,0,5322,491
45.69303894042969,2.517728805541992,80.5348129272461,1.9733984470367432,2.051539182662964,0,5323,492
44.36570739746094,2.924778938293457,81.0525436401367,2.1260688304901123,2.0684022903442383,0,5324,493
42.52717590332031,3.5914196968078613,80.6477279663086,2.3191628456115723,2.0852649211883545,0,5325,494
41.01597595214844,4.230478763580322,81.0479278564453,2.422696352005005,2.0961172580719,0,5326,495
37.93009948730469,4.924139976501465,80.33780670166016,2.486513376235962,2.1122140884399414,0,5327,496
35.32469177246094,5.56090497970581,80.49971771240234,2.3037805557250977,2.131779432296753,0,5328,497
35.49339294433594,5.81128168106079,79.6649169921875,1.9893258810043335,2.1671082973480225,0,5329,498
36.27195739746094,5.890629291534424,78.79815673828125,1.5779320001602173,2.178755044937134,0,5330,499
38.24293518066406,5.267546653747559,75.8196487426758,2.285485029220581,2.2134857177734375,0,5331,500
39.34303283691406,4.753901958465576,73.6967239379883,3.464571237564087,2.250640392303467,0,5332,501
42.218597412109375,4.094361305236816,74.6610107421875,3.915998697280884,2.302358627319336,0,5333,502
44.8282470703125,4.204370498657227,73.0553512573242,4.399614334106445,2.419956922531128,0,5334,503
53.03495788574219,6.978182315826416,71.8517074584961,4.862692832946777,2.501453399658203,0,5335,504
61.58601379394531,11.157580375671387,70.0777053833008,5.250957012176514,2.634962558746338,0,5336,505
77.69549560546875,17.949979782104492,66.3203887939453,6.206969738006592,2.7432167530059814,0,5337,506
97.92987060546875,26.82195472717285,62.09612274169922,7.49368715286255,2.8284080028533936,0,5338,507
114.02142333984375,35.536556243896484,57.514522552490234,9.15742874145508,2.8787612915039062,0,5339,508
117.81427001953125,40.968135833740234,56.140716552734375,10.063636779785156,2.9138431549072266,0,5340,509
120.35888671875,43.70090103149414,55.534881591796875,10.666460037231445,2.951860189437866,0,5341,510
119.88375854492188,43.24943542480469,53.9690170288086,11.162470817565918,2.980031967163086,0,5342,511
120.01852416992188,40.23516845703125,50.81691360473633,11.249884605407715,3.0381264686584473,0,5343,512
119.50201416015625,34.467350006103516,47.964839935302734,11.236976623535156,3.08172082901001,0,5344,513
122.695068359375,27.551176071166992,48.54426193237305,10.2402868270874,3.091318368911743,0,5345,514
125.52316284179688,18.919740676879883,49.87310791015625,8.326443672180176,3.121978521347046,0,5346,515
127.30331420898438,10.523218154907227,50.80170822143555,6.289238452911377,3.1424546241760254,0,5347,516
129.360107421875,5.987759113311768,50.37818908691406,4.682093620300293,3.2160933017730713,0,5348,517
132.42202758789062,6.35149908065796,49.49123001098633,3.9850094318389893,3.264324903488159,0,5349,518
135.20611572265625,7.36931610107422,48.53973388671875,3.37698221206665,3.3554487228393555,0,5350,519
136.95980834960938,8.392930030822754,48.88658905029297,2.41272497177124,3.3813905715942383,0,5352,520
137.74249267578125,8.793968200683594,49.6920051574707,1.3871443271636963,3.3769402503967285,0,5353,521
138.64620971679688,8.684993743896484,49.935359954833984,1.254876971244812,3.3509984016418457,0,5354,522
139.37786865234375,7.741124153137207,49.16428756713867,1.0521955490112305,3.347121238708496,0,5355,523
140.59857177734375,6.934311866760254,48.70032501220703,1.02254593372345,3.3504831790924072,0,5356,524
141.17929077148438,6.155066013336182,50.217533111572266,1.0568835735321045,3.38071060180664,0,5357,525
143.951904296875,5.581147193908691,49.6833267211914,0.878433108329773,3.3982880115509033,0,5358,526
146.85812377929688,5.39694356918335,49.84532165527344,0.78622168302536,3.4289193153381348,0,5359,527
148.7900390625,5.6693854331970215,47.4326400756836,1.1711567640304565,3.447903871536255,0,5360,528
152.80792236328125,6.822533130645752,43.45502471923828,2.800518035888672,3.4624671936035156,0,5361,529
155.80776977539062,8.1171293258667,41.543148040771484,4.206884384155273,3.495398998260498,0,5362,530
159.04653930664062,9.37001895904541,38.89641571044922,5.678849697113037,3.5388429164886475,0,5363,531
161.50506591796875,10.336097717285156,38.63908767700195,6.49162197113037,3.5513269901275635,0,5364,532
164.31973266601562,11.038788795471191,39.14461135864258,6.847842693328857,3.5723607540130615,0,5365,533
167.79263305664062,11.643199920654297,40.06068420410156,6.83242416381836,3.630241870880127,0,5366,534
169.88034057617188,11.59207820892334,37.069976806640625,6.660815715789795,3.6866037845611572,0,5367,535
171.24639892578125,11.215291976928711,34.99638748168945,6.420655250549316,3.7034666538238525,0,5368,536
171.65447998046875,10.448835372924805,33.341182708740234,5.649945259094238,3.771172523498535,0,5370,537
171.800048828125,9.06544780731201,33.308433532714844,4.699418544769287,3.8072071075439453,0,5371,538
171.6837158203125,7.68314027786255,31.22247314453125,4.75238275527954,3.8401668071746826,0,5372,539
172.17117309570312,6.23469352722168,30.88587760925293,4.788361072540283,3.8899712562561035,0,5373,540
174.31857299804688,5.1374735832214355,34.145172119140625,4.56951379776001,3.9307267665863037,0,5374,541
175.96981811523438,4.200997829437256,37.2376480102539,4.38590431213379,3.9459986686706543,0,5375,542
177.13424682617188,3.590406894683838,40.495521545410156,4.681486129760742,4.01479434967041,0,5376,543
177.9749755859375,3.595569133758545,39.9099006652832,4.64869213104248,3.9764842987060547,0,5377,544
178.21316528320312,3.7007358074188232,39.438114166259766,4.953681468963623,4.10618543624878,0,5378,545
178.829833984375,3.8659422397613525,39.1401481628418,5.193164825439453,4.218046188354492,0,5379,546
178.71493530273438,3.8168208599090576,41.919151306152344,5.632538318634033,4.251587867736816,0,5380,547
179.0589599609375,3.5923309326171875,45.036712646484375,6.394418239593506,4.272444248199463,0,5381,548
179.19302368164062,3.0237669944763184,48.6986961364746,7.034776210784912,4.2896881103515625,0,5382,549
176.78094482421875,2.035479784011841,52.86936569213867,7.73151159286499,4.33904504776001,0,5383,550
176.15646362304688,1.565280795097351,55.0777931213379,8.65267276763916,4.39589262008667,0,5384,551
175.41375732421875,1.6972631216049194,55.84111404418945,9.37499141693115,4.442572116851807,0,5385,552
175.23779296875,1.9792331457138062,56.4035758972168,10.014434814453125,4.5964813232421875,0,5386,553
174.93392944335938,2.234868288040161,56.16169738769531,9.94076442718506,4.65332794189453,0,5387,554
174.18414306640625,2.50511646270752,56.71865463256836,9.225340843200684,4.710089206695557,0,5388,555
176.11968994140625,2.34692907333374,54.93133544921875,7.3660430908203125,4.774433612823486,0,5389,556
176.37237548828125,2.1367368698120117,53.90767288208008,5.310505390167236,4.885889530181885,0,5390,557
177.18222045898438,1.805219292640686,53.65576171875,3.3106348514556885,5.040438652038574,0,5391,558
178.08639526367188,1.4872260093688965,50.8937110900879,2.54633092880249,5.158772945404053,0,5392,559
178.66989135742188,1.8238884210586548,48.73176193237305,3.6001625061035156,5.207846641540527,0,5393,560
179.4700927734375,2.251588821411133,46.9850196838379,4.764172077178955,5.2078471183776855,0,5394,561
177.56622314453125,2.2181859016418457,51.48426055908203,4.673301696777344,5.227539539337158,0,5395,562
177.4404296875,2.11342978477478,53.56133270263672,4.384774208068848,5.178801536560059,0,5396,563
178.02755737304688,1.9203907251358032,55.16496658325195,4.235024452209473,5.187133312225342,0,5397,564
177.68768310546875,1.290195107460022,58.46558380126953,4.649653434753418,5.140296936035156,0,5398,565
176.31027221679688,1.2488666772842407,62.63426971435547,6.343740940093994,5.1402974128723145,0,5399,566
176.88070678710938,1.16368567943573,66.3352813720703,8.489160537719727,5.1845440864563,0,5400,567
177.54141235351562,1.141237497329712,65.5456771850586,9.67615604400635,5.333667278289795,0,5401,568
178.46212768554688,1.1705541610717773,64.3378448486328,9.959940910339355,5.436516761779785,0,5402,569
178.40631103515625,1.139000415802002,62.700862884521484,9.237786293029785,5.474826335906982,0,5403,570
178.42401123046875,0.9071295261383057,58.334774017333984,7.277766227722168,5.490098476409912,0,5404,571
178.74087524414062,1.0032655000686646,53.10386276245117,6.902159214019775,5.484312534332275,0,5405,572
179.90689086914062,1.3053557872772217,47.28399658203125,8.52690601348877,5.506773471832275,0,5406,573
-176.55303955078125,2.5828254222869873,43.85892868041992,10.863327980041504,5.542102813720703,0,5407,574
-174.48233032226562,3.7972421646118164,41.367923736572266,13.156672477722168,5.551947593688965,0,5408,575
-173.2223358154297,4.576573848724365,37.82316970825195,15.077707290649414,5.574276447296143,0,5409,576
-170.7273712158203,5.51861810684204,36.6799201965332,15.527473449707031,5.541393280029297,0,5410,577
-168.3253936767578,6.50890350341797,35.66049575805664,15.110468864440918,5.6289701461792,0,5411,578
-165.3490447998047,7.65527582168579,35.56140899658203,13.7040319442749,5.5802321434021,0,5412,579
-165.96392822265625,7.93792486190796,32.07439422607422,11.802169799804688,5.591444969177246,0,5414,580
-166.3046417236328,7.584827423095703,28.7491283416748,10.151853561401367,5.62967300415039,0,5415,581
-167.03956604003906,6.591504096984863,25.52691078186035,9.247976303100586,5.718942642211914,0,5416,582
-167.8929443359375,5.10359764099121,27.24118423461914,8.3636474609375,5.823828220367432,0,5417,583
-169.83258056640625,4.02135944366455,28.00078582763672,7.380619525909424,5.922442436218262,0,5418,584
-175.26068115234375,4.229275703430176,30.49263572692871,6.132155895233154,6.1407670974731445,0,5419,585
-174.166259765625,4.418596267700195,30.236528396606445,5.387460708618164,6.3389739990234375,0,5421,586
-173.09071350097656,4.680695056915283,31.141782760620117,4.634908199310303,6.43582582473755,0,5422,587
-172.69830322265625,4.847009181976318,31.23920249938965,3.9230995178222656,6.516267776489258,0,5423,588
-177.04531860351562,5.21632719039917,34.61799621582031,3.649162769317627,6.580519199371338,0,5424,589
179.16485595703125,6.0740838050842285,38.101444244384766,5.08965253829956,6.6786088943481445,0,5425,590
175.956787109375,7.02666425704956,40.57805252075195,6.626263618469238,6.827731609344482,0,5426,591
175.92657470703125,7.2610087394714355,40.98173522949219,6.999069690704346,6.941615104675293,0,5427,592
173.89907836914062,7.35420274734497,40.2889518737793,6.938469886779785,6.994219779968262,0,5428,593
178.16036987304688,6.55411958694458,41.378135681152344,6.7076287269592285,6.971758842468262,0,5429,594
-176.75718688964844,6.424888610839844,38.000125885009766,6.1984124183654785,6.947824954986572,0,5430,595
-177.8741455078125,6.064772605895996,33.58329772949219,5.59864330291748,7.02826690673828,0,5431,596
-179.178466796875,5.343106746673584,31.609682083129883,5.49633264541626,7.057058811187744,0,5432,597
179.83554077148438,4.17095947265625,31.697795867919922,5.395023345947266,7.082566738128662,0,5433,598
179.4912109375,3.8124358654022217,30.988685607910156,5.958746433258057,7.097838401794434,0,5434,599
179.45089721679688,3.818248748779297,31.418298721313477,6.33910083770752,7.163019180297852,0,5435,600
-178.73995971679688,3.674207925796509,31.491241455078125,6.203035354614258,7.18849754333496,0,5436,601
-177.3046112060547,3.5161986351013184,31.339786529541016,5.679698944091797,7.17322587966919,0,5437,602
-177.13565063476562,2.2582101821899414,30.676345825195312,4.988199710845947,7.09278392791748,0,5438,603
-176.09336853027344,2.1338374614715576,31.325477600097656,3.0258452892303467,7.09821081161499,0,5439,604
-175.47557067871094,2.3731579780578613,31.409391403198242,1.0751080513000488,6.95221185684204,0,5440,605
-175.1590576171875,2.70414924621582,32.19286346435547,0.5623080730438232,6.864569664001465,0,5441,606
-172.1636962890625,3.548529863357544,32.00502014160156,0.6160932779312134,6.877290725708008,0,5442,607
-169.7896728515625,4.43459939956665,29.220102310180664,1.1440119743347168,6.955048084259033,0,5443,608
-168.23397827148438,5.059962272644043,27.627965927124023,1.9521087408065796,7.053137302398682,0,5444,609
-166.4595184326172,5.479180335998535,27.092958450317383,2.532533884048462,7.03344488143921,0,5445,610
-165.23193359375,5.918920993804932,24.42206382751465,3.5897011756896973,7.02647352218628,0,5446,611
-163.70375061035156,6.38112735748291,22.458337783813477,4.6916046142578125,6.9992523193359375,0,5447,612
-162.94822692871094,6.460734844207764,21.152929306030273,5.66205883026123,6.838855743408203,0,5448,613
-162.72653198242188,6.243631839752197,20.69832420349121,6.18221616744995,6.793654918670654,0,5449,614
-162.50946044921875,5.653119087219238,20.941930770874023,6.229010581970215,6.75025987625122,0,5450,615
-159.66876220703125,4.94745397567749,21.57643699645996,5.59786081314087,6.677308082580566,0,5451,616
-158.06626892089844,4.687749862670898,21.826353073120117,4.414750576019287,6.554999828338623,0,5452,617
-156.5197296142578,4.748399257659912,22.42768669128418,3.5065338611602783,6.44661808013916,0,5453,618
-155.07090759277344,4.899158477783203,21.40132713317871,2.7320923805236816,6.342578887939453,0,5454,619
-153.98025512695312,5.107080936431885,21.122953414916992,1.5199440717697144,6.28299379348755,0,5455,620
-153.08692932128906,5.22813892364502,20.219100952148438,0.9969866275787354,6.257485389709473,0,5456,621
-153.45887756347656,5.130122661590576,19.659095764160156,1.102457880973816,6.212285041809082,0,5457,622
-153.27777099609375,4.84318733215332,19.804964065551758,1.2401701211929321,6.18835163116455,0,5458,623
-153.03744506835938,4.234256267547607,19.71964454650879,1.3553369045257568,6.111522674560547,0,5459,624
-154.03231811523438,3.0003280639648438,22.389522552490234,1.512441873550415,6.060269355773926,0,5460,625
-154.07411193847656,2.1355433464050293,24.25568962097168,2.079615354537964,5.982646942138672,0,5461,626
-154.45541381835938,1.3770726919174194,25.92405891418457,2.9213528633117676,5.890244960784912,0,5462,627
-153.28570556640625,0.8571446537971497,25.78186798095703,3.431267261505127,5.730610370635986,0,5463,628
-151.4653778076172,1.083250880241394,24.79313850402832,3.6175549030303955,5.611664295196533,0,5464,629
-149.74249267578125,1.8144774436950684,24.09021759033203,3.6336147785186768,5.547412395477295,0,5465,630
-148.59519958496094,2.5521974563598633,25.4782657623291,3.6092453002929688,5.516043663024902,0,5466,631
-147.93716430664062,3.12100601196289,27.89921760559082,3.6953957080841064,5.49632167816162,0,5467,632
-147.85250854492188,3.474888801574707,28.31322479248047,3.5021419525146484,5.473860263824463,0,5468,633
-146.84896850585938,3.851148843765259,31.785703659057617,3.7072815895080566,5.464015007019043,0,5469,634
-146.06434631347656,3.9957873821258545,34.8336181640625,4.90044069290161,5.464015007019043,0,5470,635
-144.75830078125,4.060218811035156,37.1465187072754,6.26232624053955,5.428686141967773,0,5471,636
-143.75262451171875,3.78640627861023,39.40227508544922,7.670989990234375,5.447192668914795,0,5472,637
-143.11581420898438,3.4297940731048584,42.2757453918457,9.050930976867676,5.378121852874756,0,5473,638
-142.55752563476562,3.20827317237854,43.1646499633789,9.66684150695801,5.328246593475342,0,5475,639
-140.25347900390625,3.5481200218200684,43.43768310546875,9.38619804382324,5.294704914093018,0,5476,640
-136.85870361328125,4.5517449378967285,43.76909637451172,8.66034412384033,5.2448296546936035,0,5477,641
-133.9320526123047,5.74989414215088,42.69887161254883,7.626789093017578,5.155560493469238,0,5478,642
-132.58897399902344,6.50100326538086,44.43158721923828,6.046268463134766,5.084217071533203,0,5479,643
-131.18795776367188,7.049983024597168,46.54181671142578,4.9693121910095215,4.993093490600586,0,5480,644
-130.34840393066406,7.2615065574646,48.741607666015625,4.542819499969482,4.770892143249512,0,5481,645
-129.1106414794922,7.34879732131958,51.08249282836914,4.709190368652344,4.576048374176025,0,5482,646
-127.98115539550781,7.233187198638916,52.54960250854492,5.147621154785156,4.471162796020508,0,5483,647
-126.58683776855469,6.844762325286865,55.192138671875,6.23123550415039,4.394333362579346,0,5484,648
-125.05127716064453,6.066325664520264,56.0588493347168,6.9891180992126465,4.350937843322754,0,5485,649
-123.6431884765625,5.310964584350586,56.21435546875,7.27310562133789,4.257933616638184,0,5486,650
-121.87545776367188,5.10352611541748,55.95269012451172,7.0993804931640625,4.108810901641846,0,5487,651
-120.61228942871094,5.243937969207764,58.590572357177734,6.55024766921997,4.028706073760986,0,5488,652
-119.06871032714844,5.429975509643555,60.411537170410156,6.052156925201416,3.99582290649414,0,5489,653
-116.69754791259766,5.850873947143555,61.5985336303711,5.59830904006958,4.031813144683838,0,5490,654
-115.05500793457031,6.150768756866455,63.78539276123047,5.523863315582275,4.04918909072876,0,5491,655
-114.26322174072266,6.21316385269165,66.45748138427734,6.015495777130127,4.0255937576293945,0,5492,656
-113.52516174316406,6.0405912399292,67.41590118408203,6.30533742904663,3.9968018531799316,0,5493,657
-114.8216323852539,5.40647840499878,68.64952850341797,6.7831902503967285,4.031756401062012,0,5494,658
-114.27278900146484,4.71570920944214,70.12024688720703,7.161920070648193,4.050262928009033,0,5495,659
-114.46221923828125,3.8673529624938965,72.4288787841797,7.444318771362305,3.985081911087036,0,5496,660
-113.0994873046875,3.190418243408203,72.4611053466797,6.86889362335205,3.985081672668457,0,5497,661
-112.16886901855469,2.5152690410614014,72.32810974121094,6.228328704833984,3.994926691055298,0,5498,662
-111.84910583496094,1.852620244026184,71.80006408691406,5.371115684509277,4.02629566192627,0,5499,663
-110.57044219970703,1.9020953178405762,73.1524887084961,4.401208400726318,4.093541145324707,0,5500,664
-109.5951919555664,2.2948403358459473,72.71385955810547,3.3867337703704834,4.116002082824707,0,5501,665
-107.6515121459961,3.0241281986236572,73.62400817871094,2.8582723140716553,4.145020484924316,0,5502,666
-107.3505859375,3.534666061401367,69.26210021972656,2.368515968322754,4.145020008087158,0,5503,667
-105.78323364257812,3.909891366958618,64.36834716796875,3.8330886363983154,4.118516445159912,0,5504,668
-104.15828704833984,4.347809791564941,61.00946044921875,5.924306869506836,4.049445629119873,0,5505,669
-102.33545684814453,4.679919719696045,57.84844970703125,7.936932563781738,4.076542854309082,0,5506,670
-98.6740036010742,5.642141819000244,56.45412063598633,9.36907958984375,4.12528133392334,0,5507,671
-96.68990325927734,6.502450466156006,53.93840789794922,10.636008262634277,4.406830310821533,0,5508,672
-96.0274200439453,6.829315662384033,55.206573486328125,10.993842124938965,4.477569103240967,0,5510,673
-95.78335571289062,6.816593647003174,56.200679779052734,10.39141845703125,4.61983299255371,0,5511,674
-94.90032958984375,6.580295085906982,58.883785247802734,9.03523063659668,4.779468059539795,0,5512,675
-94.9218292236328,6.21322250366211,59.1922378540039,6.448692798614502,4.99779224395752,0,5513,676
-94.2271194458008,5.465792655944824,58.394222259521484,4.192216396331787,5.065406322479248,0,5514,677
-92.9734344482422,4.68015193939209,59.5080337524414,3.02393889427185,5.05754852294922,0,5515,678
-89.1593780517578,4.47236680984497,54.58400344848633,2.8085575103759766,5.15055227279663,0,5516,679
-85.7082977294922,4.943269729614258,50.208927154541016,4.058069229125977,5.24864149093628,0,5517,680
-82.3097381591797,6.345853328704834,46.68108367919922,5.842217445373535,5.34549331665039,0,5518,681
-82.95359802246094,7.0225982666015625,46.9729881286621,6.895267963409424,5.487756729125977,0,5519,682
-83.1881332397461,7.2409257888793945,46.5031509399414,7.73798656463623,5.7043046951293945,0,5520,683
-83.4776382446289,7.037254333496094,46.71270751953125,8.19451332092285,5.881183624267578,0,5521,684
-83.4469528198242,6.609267711639404,45.6297492980957,8.140278816223145,5.9324369430542,0,5522,685
-83.16963958740234,5.758838653564453,44.62321472167969,7.6653876304626465,6.029288291931152,0,5523,686
-83.34468841552734,4.46106243133545,44.38447189331055,6.786153316497803,6.1671013832092285,0,5524,687
-83.59274291992188,2.589020013809204,42.695308685302734,4.66224479675293,6.48525857925415,0,5525,688
-83.73641967773438,1.13258421421051,41.4174461364746,3.4306490421295166,6.6042046546936035,0,5526,689
-84.1200408935547,0.6291146874427795,39.03887176513672,3.70055365562439,6.723150730133057,0,5527,690
-84.66493225097656,0.6535489559173584,41.7192268371582,3.705641508102417,6.803592681884766,0,5528,691
-85.60658264160156,0.9988974332809448,42.254791259765625,3.456188201904297,6.890559673309326,0,5529,692
-86.31773376464844,1.373098373413086,43.543949127197266,3.1327996253967285,6.958972454071045,0,5530,693
-86.66796875,1.671744704246521,48.63356018066406,3.664719343185425,7.023317337036133,0,5531,694
-86.94429779052734,1.8752886056900024,53.8897705078125,5.880892753601074,7.061627388000488,0,5532,695
-86.05294799804688,1.7724342346191406,58.46164321899414,8.60591220855713,7.169628143310547,0,5533,696
-81.5182571411133,2.213090658187866,59.07827377319336,10.399724006652832,7.218366622924805,0,5534,697
-77.70484161376953,3.690600872039795,59.6601219177246,11.48569107055664,7.22533893585205,0,5535,698
-75.30029296875,5.23722219467163,60.3616714477539,11.8944673538208,7.282186031341553,0,5536,699
-75.22643280029297,6.214563369750977,58.04872131347656,10.787127494812012,7.33542013168335,0,5537,700
-75.2372055053711,6.80389928817749,56.13515853881836,9.45132255554199,7.424688816070557,0,5538,701
-74.63124084472656,7.09582757949829,54.24302291870117,7.519157886505127,7.488940715789795,0,5539,702
-73.3934783935547,7.114903450012207,55.46299743652344,4.923492908477783,7.508633136749268,0,5540,703
-72.8496551513672,6.67138671875,56.999263763427734,3.1378273963928223,7.6096415519714355,0,5541,704
-71.81908416748047,5.63854217529297,56.91300964355469,2.6954665184021,7.662875652313232,0,5542,705
-71.61764526367188,3.8316521644592285,57.03087615966797,2.66313910484314,7.7349853515625,0,5543,706
-71.0050277709961,2.722395181655884,56.99689483642578,2.534200668334961,7.781248092651367,0,5544,707
-70.36605834960938,2.4452483654022217,57.9519920349121,2.2733688354492188,7.866904258728027,0,5545,708
-70.45025634765625,2.4550559520721436,58.07986068725586,1.70003080368042,7.918158054351807,0,5546,709
-69.38372802734375,2.4827804565429688,57.614681243896484,1.6403685808181763,7.964325904846191,0,5547,710
-68.27316284179688,2.4677772521972656,58.89841842651367,1.8565430641174316,7.997209072113037,0,5548,711
-58.243934631347656,5.58595323562622,61.027618408203125,2.0628349781036377,8.02777576446533,0,5549,712
-55.37156677246094,7.819694995880127,61.2400016784668,2.27216124534607,8.07684898376465,0,5550,713
-49.440704345703125,10.500678062438965,61.04138946533203,2.471228837966919,8.14998149871826,0,5551,714
-38.688873291015625,14.749948501586914,57.538780212402344,2.3889739513397217,8.21516227722168,0,5552,715
-34.17498779296875,17.988149642944336,54.06325149536133,3.0979175567626953,8.25692939758301,0,5553,716
-32.243804931640625,19.927547454833984,51.197174072265625,4.441128253936768,8.312225341796875,0,5554,717
-36.84736633300781,19.736892700195312,51.08845138549805,5.346796035766602,8.28999137878418,0,5555,718
-41.876190185546875,17.92491912841797,50.2490005493164,6.11763858795166,8.289990425109863,0,5556,719
-51.6177978515625,15.3163480758667,47.42551040649414,7.223766803741455,8.35517120361328,0,5557,720
-60.16340637207031,13.429436683654785,44.75092315673828,8.33662700653076,8.39693832397461,0,5558,721
-63.63676452636719,14.499444007873535,41.97157669067383,9.04863739013672,8.420872688293457,0,5559,722
-66.98960876464844,16.49903106689453,40.37856674194336,9.149375915527344,8.439379692077637,0,5560,723
-70.54981994628906,19.054950714111328,39.6063575744629,8.400468826293945,8.39064121246338,0,5561,724
-72.67516326904297,20.457666397094727,38.82933044433594,7.75649642944336,8.4365930557251,0,5562,725
-74.0554885864258,20.083948135375977,37.852901458740234,7.382140636444092,8.485331535339355,0,5563,726
-75.07584381103516,17.6961727142334,36.977237701416016,7.187627792358398,8.492302894592285,0,5564,727
-76.13267517089844,14.569595336914062,36.35661315917969,6.470099449157715,8.51880741119385,0,5565,728
-77.5999526977539,10.712264060974121,36.0764274597168,5.19957160949707,8.51880645751953,0,5566,729
-78.5765380859375,7.9717059135437,35.721954345703125,4.0346221923828125,8.504429817199707,0,5567,730
-78.87840270996094,6.548595428466797,34.48938751220703,3.259209156036377,8.46266269683838,0,5568,731
-80.35215759277344,5.368167877197266,33.590667724609375,3.045224666595459,8.245458602905273,0,5569,732
-79.66366577148438,4.184182167053223,33.94148254394531,2.8116614818573,8.24545955657959,0,5570,733
-78.85518646240234,3.332534074783325,33.280029296875,2.602907419204712,8.148396492004395,0,5571,734
-78.2364730834961,2.6351516246795654,33.53217315673828,2.25882339477539,8.05717372894287,0,5572,735
-77.1481399536133,2.0734167098999023,32.9281234741211,2.034329652786255,7.888206958770752,0,5573,736
-76.31481170654297,1.7841103076934814,32.072349548339844,1.9920711517333984,7.965581893920898,0,5574,737
-75.45895385742188,1.9420799016952515,31.624610900878906,1.9775614738464355,7.958177089691162,0,5575,738
-76.69422912597656,2.020033121109009,29.052913665771484,2.521514415740967,7.919673442840576,0,5576,739
-78.0068359375,2.0042853355407715,28.13742446899414,2.94778323173523,7.850602626800537,0,5577,740
-79.0817337036133,2.0230958461761475,26.479434967041016,3.666773557662964,7.8063554763793945,0,5578,741
-77.78560638427734,1.7122211456298828,27.06814193725586,3.9640612602233887,7.70929193496704,0,5579,742
-77.14771270751953,1.4749267101287842,26.653583526611328,4.022847652435303,7.5310540199279785,0,5580,743
-76.64500427246094,1.3624433279037476,27.190954208374023,3.871161699295044,7.407409191131592,0,5581,744
-75.22965240478516,1.5059704780578613,27.4379825592041,3.3964474201202393,7.40740966796875,0,5582,745
-74.58008575439453,1.7847226858139038,27.11598014831543,2.8133037090301514,7.388180255889893,0,5583,746
-74.73436737060547,1.9564677476882935,27.251380920410156,2.134334087371826,7.314712047576904,0,5584,747
-74.59708404541016,2.0732409954071045,27.444610595703125,1.030632495880127,7.074312686920166,0,5585,748
-75.6694107055664,2.0931711196899414,26.877174377441406,0.6447837352752686,7.04463529586792,0,5586,749
-69.5999755859375,3.3209426403045654,26.046964645385742,0.6227510571479797,6.989941120147705,0,5587,750
-80.0736846923828,3.537545919418335,25.78164291381836,0.7907907962799072,6.989941120147705,0,5588,751
-72.41268920898438,3.604560375213623,27.49286460876465,0.83270925283432,7.045237064361572,0,5589,752
-72.09910583496094,3.65465784072876,28.274721145629883,1.0049421787261963,7.08594799041748,0,5590,753
-73.3993148803711,3.550579071044922,30.63018035888672,1.8566734790802,7.06975793838501,0,5591,754
-74.89783477783203,3.535797595977783,30.94193458557129,2.4141814708709717,7.104119777679443,0,5592,755
-76.26486206054688,3.634902000427246,32.227909088134766,3.0683159828186035,7.062353134155273,0,5593,756
-75.9794692993164,3.693161725997925,29.85880470275879,3.091587543487549,7.044180870056152,0,5594,757
-74.96993255615234,3.6980819702148438,27.70901107788086,3.073244094848633,7.059443473815918,0,5595,758
